{
  "model_type": "Improved (XGBoost/GradientBoosting Ensemble + Hierarchical Clustering)",
  "urgency_classification_accuracy": 0.8884297520661157,
  "urgency_classification_f1": 0.8898469571559243,
  "urgency_cv_mean": 0.868691145781782,
  "urgency_cv_std": 0.01428706877643755,
  "track_classification_accuracy": 0.7231404958677686,
  "track_classification_f1": 0.7038562819240713,
  "undertrial_detection_recall": 1.0,
  "urgency_classification_report": {
    "High": {
      "precision": 0.9803921568627451,
      "recall": 0.9259259259259259,
      "f1-score": 0.9523809523809523,
      "support": 108.0
    },
    "Low": {
      "precision": 0.8333333333333334,
      "recall": 0.8666666666666667,
      "f1-score": 0.8496732026143791,
      "support": 75.0
    },
    "Medium": {
      "precision": 0.8064516129032258,
      "recall": 0.847457627118644,
      "f1-score": 0.8264462809917356,
      "support": 59.0
    },
    "accuracy": 0.8884297520661157,
    "macro avg": {
      "precision": 0.873392367699768,
      "recall": 0.8800167399037456,
      "f1-score": 0.8761668119956889,
      "support": 242.0
    },
    "weighted avg": {
      "precision": 0.8924090830680445,
      "recall": 0.8884297520661157,
      "f1-score": 0.8898469571559243,
      "support": 242.0
    }
  }
}