cluster_id,cluster_label,case_count,mean_priority,mean_detention_ratio,undertrial_share
2,Cluster-A Critical Backlog,342,92.31362573099416,14.417684373091728,0.34210526315789475
3,Cluster-B High Priority,420,77.6777857142857,1.1818405338953284,0.3357142857142857
0,Cluster-C Moderate Queue,199,64.37587939698493,7.361484869275879,0.4020100502512563
1,Cluster-D Routine Queue,245,17.607632653061223,0.39633820880452136,0.35918367346938773
