{
  "classification_accuracy_vs_expert_labels": 0.8842975206611571,
  "urgency_nlp_label_agreement": 0.3490878938640133,
  "classification_accuracy_case_type": 0.7396694214876033,
  "undertrial_detection_recall": 1.0,
  "dashboard_filter_response_time_ms": 3.264600003603846,
  "ranked_list_agreement_spearman": 0.8942139916928713,
  "urgency_classification_report": {
    "High": {
      "precision": 0.9428571428571428,
      "recall": 0.9166666666666666,
      "f1-score": 0.9295774647887324,
      "support": 108.0
    },
    "Low": {
      "precision": 0.8192771084337349,
      "recall": 0.9066666666666666,
      "f1-score": 0.8607594936708861,
      "support": 75.0
    },
    "Medium": {
      "precision": 0.8703703703703703,
      "recall": 0.7966101694915254,
      "f1-score": 0.831858407079646,
      "support": 59.0
    },
    "accuracy": 0.8842975206611571,
    "macro avg": {
      "precision": 0.8775015405537494,
      "recall": 0.8733145009416196,
      "f1-score": 0.8740651218464214,
      "support": 242.0
    },
    "weighted avg": {
      "precision": 0.8868851504667495,
      "recall": 0.8842975206611571,
      "f1-score": 0.8844255133892507,
      "support": 242.0
    }
  }
}